WigleWifi-1.4,appRelease=2.25,model=ONEPLUS A3003,release=7.1.1,device=OnePlus3T,display=ONEPLUS A3003_28_171012,board=QC_Reference_Phone,brand=OnePlus
WIFI#,MAC-1,SSID-1,FirstSeen-1,RSSI-1,CurrentLatitude-1,CurrentLongitude-1,AltitudeMeters-1,MAC-2,SSID-2,FirstSeen-2,RSSI-2,CurrentLatitude-2,CurrentLongitude-2,AltitudeMeters-2,MAC-3,SSID-3,FirstSeen-3,RSSI-3,CurrentLatitude-3,CurrentLongitude-3,AltitudeMeters-3,MAC-4,SSID-4,FirstSeen-4,RSSI-4,CurrentLatitude-4,CurrentLongitude-4,AltitudeMeters-4,MAC-5,SSID-5,FirstSeen-5,RSSI-5,CurrentLatitude-5,CurrentLongitude-5,AltitudeMeters-5,MAC-6,SSID-6,FirstSeen-6,RSSI-6,CurrentLatitude-6,CurrentLongitude-6,AltitudeMeters-6,MAC-7,SSID-7,FirstSeen-7,RSSI-7,CurrentLatitude-7,CurrentLongitude-7,AltitudeMeters-7,MAC-8,SSID-8,FirstSeen-8,RSSI-8,CurrentLatitude-8,CurrentLongitude-8,AltitudeMeters-8,MAC-9,SSID-9,FirstSeen-9,RSSI-9,CurrentLatitude-9,CurrentLongitude-9,AltitudeMeters-9,MAC-10,SSID-10,FirstSeen-10,RSSI-10,CurrentLatitude-10,CurrentLongitude-10,AltitudeMeters-10,
1,30:b5:c2:bd:55:32,CArgentina,2017-10-27 16:17:54,-99,32.16764348,34.80988548,38,
1,c8:be:19:13:21:d6,Chenriko,2017-10-27 16:21:23,-98,32.16999698,34.80047799,33,
1,30:e1:71:d5:5c:ab,DIRECT-AA-HP OfficeJet Pro 8710,2017-10-27 16:24:16,-98,32.1677579,34.80285141,28,
1,00:13:d4:0f:f3:ba,home,2017-10-27 16:27:33,-97,32.17074449,34.81143093,19,
1,f8:e9:03:13:74:ee,Ester,2017-10-27 16:14:52,-96,32.16868001,34.81321794,39,
1,00:02:6f:a6:f1:f3,Pitarohecht,2017-10-27 16:19:06,-96,32.1671744,34.80782731,35,
1,00:8c:54:8e:39:81,samra,2017-10-27 16:19:12,-96,32.16749167,34.80697148,39,
1,00:22:3f:80:0d:4e,SHURSH,2017-10-27 16:19:53,-96,32.16821204,34.80379573,40,
1,14:ae:db:32:cf:42,Daniela,2017-10-27 16:21:08,-96,32.16895206,34.80017686,38,
1,b0:41:1d:28:79:04,AEH-W4A1-b0411d287904,2017-10-27 16:15:37,-96,32.16882634,34.81238415,40,
5,84:18:3a:1c:b7:18,Rosaness,2017-10-27 16:21:26,-96,32.17015135,34.80053822,30,84:18:3a:1c:c9:a8,Rosaness,2017-10-27 16:23:07,-89,32.17006781,34.80050789,33,84:18:3a:1d:3b:bc,Rosaness,2017-10-27 16:22:55,-87,32.17091575,34.80080423,39,84:18:3a:1d:3b:b8,Rosaness,2017-10-27 16:21:36,-86,32.17094993,34.80087842,28,84:18:3a:1c:b7:1c,Rosaness,2017-10-27 16:21:36,-78,32.17094993,34.80087842,28,
1,34:08:04:03:99:ec,hayti,2017-10-27 16:22:43,-96,32.17159708,34.80108199,41,
1,a0:ab:1b:61:6b:36,Bezeq_WiFi,2017-10-27 16:24:52,-96,32.16773176,34.80302721,39,
1,30:e1:71:fc:37:55,DIRECT-54-HP OfficeJet 3830,2017-10-27 16:25:37,-96,32.16860202,34.80626215,31,
1,14:ae:db:47:49:9d,harry,2017-10-27 16:25:58,-96,32.17078967,34.80700602,29,
1,d8:fb:5e:18:49:70,LIT,2017-10-27 16:26:22,-96,32.17302276,34.80796667,39,
1,30:e1:71:fb:dd:ed,DIRECT-EC-HP DeskJet 3830 series,2017-10-27 16:26:34,-96,32.17330793,34.80883147,42,
1,a0:ab:1b:5d:c2:60,urigil1,2017-10-27 16:27:01,-96,32.17257307,34.81188778,25,
1,92:cd:b6:2b:e9:75,HP-Setup>75-M277 LaserJet,2017-10-27 16:27:30,-96,32.17104698,34.81157034,17,
1,c0:ff:d4:7b:82:30,Candan,2017-10-27 16:27:57,-96,32.16828928,34.81035666,18,
3,cc:16:7e:97:1d:90,kaymeraQA,2017-10-27 16:17:39,-95,32.16765545,34.80988103,39,00:f6:63:15:58:80,kaymeraQA,2017-10-27 16:28:09,-94,32.16758618,34.80986741,19,00:f6:63:3a:f4:80,kaymeraQA,2017-10-27 16:19:09,-92,32.16733646,34.80739313,38,
2,c0:56:27:a0:6c:9a,BlueSnap-Guest-2.4GHz,2017-10-27 16:19:00,-95,32.16688561,34.80854031,36,00:02:6f:bb:fd:ac,BlueSnap-Guest-2.4GHz,2017-10-27 16:18:48,-84,32.16702914,34.80908431,37,
1,a4:2b:8c:9d:20:f6,moka,2017-10-27 16:26:34,-95,32.17330793,34.80883147,42,
1,c0:ac:54:f7:df:a5,HOTBOX-1F4A,2017-10-27 16:26:55,-95,32.17274362,34.81140622,26,
1,50:c7:bf:18:9a:de,TP-LINK_UKTVWATCH,2017-10-27 16:25:10,-95,32.1680484,34.80454278,32,
1,00:1d:7e:55:ad:b9,duitch,2017-10-27 16:21:30,-95,32.1704695,34.80067669,29,
2,e4:6f:13:47:e4:20,Home2,2017-10-27 16:25:55,-95,32.1705107,34.80687558,29,ac:f1:df:9d:f7:91,Home2,2017-10-27 16:19:47,-90,32.16811014,34.80456402,39,
2,44:03:a7:e6:11:63,Home,2017-10-27 16:27:51,-95,32.16893268,34.81056291,20,14:ae:db:53:0c:2d,Home,2017-10-27 16:19:44,-91,32.16808238,34.80498734,40,
2,00:f6:63:15:58:82,KaymeraGuest,2017-10-27 16:27:54,-95,32.16860304,34.81046488,17,00:f6:63:3a:f4:82,KaymeraGuest,2017-10-27 16:19:00,-87,32.16688561,34.80854031,36,
1,90:6c:ac:f3:6a:69,Rainbow Medical,2017-10-27 16:18:42,-94,32.16739532,34.80953943,38,
1,14:ae:db:b5:1b:cd,IGOR,2017-10-27 16:25:10,-94,32.1680484,34.80454278,32,
1,48:db:50:34:c7:fb,HUAWEI-C7FB,2017-10-27 16:14:37,-94,32.16866695,34.81322274,38,
1,b8:a3:86:0e:50:04,egypt 1,2017-10-27 16:25:37,-94,32.16860202,34.80626215,31,
1,20:0c:c8:10:c8:11,Heifes,2017-10-27 16:19:38,-94,32.16799325,34.80577507,40,
2,ec:8c:a2:08:9f:38,Vnet-t,2017-10-27 16:21:33,-94,32.1707069,34.80079707,29,ec:8c:a2:0a:04:88,Vnet-t,2017-10-27 16:21:41,-88,32.17128287,34.80103883,27,
1,1c:5f:2b:91:45:b1,Davis,2017-10-27 16:21:20,-94,32.1698537,34.80041581,35,
1,ec:8e:b5:05:97:a5,DIRECT-FC-HP OfficeJet Pro 8720,2017-10-27 16:26:10,-94,32.17197198,34.80751328,27,
7,02:8d:db:6e:71:c1,888Guest,2017-10-27 16:17:42,-94,32.16765024,34.80987851,39,02:8d:db:6e:71:bf,888Guest,2017-10-27 16:16:34,-88,32.16762991,34.80987749,45,02:8d:db:6e:71:be,888Guest,2017-10-27 16:18:54,-88,32.16686569,34.8088424,35,02:8d:db:6e:71:6d,888Guest,2017-10-27 16:28:06,-88,32.167615,34.80992403,19,02:8d:db:6e:71:13,888Guest,2017-10-27 16:28:03,-85,32.16776437,34.8100792,19,02:8d:cb:6e:71:be,888Guest,2017-10-27 16:17:13,-81,32.16769734,34.80987698,37,02:8d:cb:6e:71:6d,888Guest,2017-10-27 16:17:10,-81,32.16769749,34.80987711,37,
1,6c:19:8f:4b:56:3b,clean shop Wi Fi,2017-10-27 16:26:22,-94,32.17302276,34.80796667,39,
1,50:c7:bf:7f:7c:3c,newyossi,2017-10-27 16:26:25,-94,32.17329851,34.8080852,41,
1,60:e3:27:9e:8a:ea,Zeitlin1-Salon,2017-10-27 16:22:52,-94,32.17114566,34.80089219,37,
1,62:ff:d4:7b:ee:4f,Bezeq Free RA583B,2017-10-27 16:26:37,-94,32.17324726,34.80921234,39,
1,d8:fe:e3:02:93:49,EF-A,2017-10-27 16:26:40,-94,32.17314943,34.80965043,39,
1,30:e1:71:f0:7b:52,DIRECT-51-HP DeskJet 4670 series,2017-10-27 16:23:17,-94,32.16991686,34.80048569,31,
1,84:34:97:ac:a1:5c,HP-Print-5C-Officejet Pro 8600,2017-10-27 16:23:20,-94,32.16971928,34.80041492,30,
20,0c:f4:d5:5b:49:38,,2017-10-27 16:23:46,-94,32.16801984,34.80044722,27,02:8d:db:6e:71:da,,2017-10-27 16:18:20,-93,32.16764889,34.80989229,39,d8:38:fc:66:02:98,,2017-10-27 16:23:28,-91,32.16896675,34.80022497,25,0c:f4:d5:5b:09:9c,,2017-10-27 16:23:43,-91,32.16806164,34.80020374,28,d4:68:4d:b9:23:b3,,2017-10-27 16:21:17,-91,32.16970586,34.8003408,38,06:8d:db:6e:71:ed,,2017-10-27 16:28:00,-91,32.16799923,34.81022347,17,54:b8:0a:31:22:c0,,2017-10-27 16:21:36,-90,32.17094993,34.80087842,28,d8:38:fc:68:18:58,,2017-10-27 16:23:55,-90,32.16791664,34.80145366,24,fa:8f:ca:7c:70:2f,,2017-10-27 16:20:54,-90,32.16851102,34.80047649,35,d8:38:fc:66:dc:38,,2017-10-27 16:23:31,-89,32.16873071,34.8001699,25,88:de:a9:bf:04:2b,,2017-10-27 16:20:57,-89,32.16854703,34.80030064,34,
1,c4:12:f5:85:27:c2,varda,2017-10-27 16:27:04,-94,32.17254432,34.81201773,23,
1,50:c7:bf:36:df:98,Gil-Up,2017-10-27 16:27:10,-94,32.17251092,34.81213272,21,
1,14:ae:db:3d:b1:52,EL,2017-10-27 16:27:18,-94,32.17235991,34.81215514,19,
3,54:b8:0a:34:78:d0,Shani - Green,2017-10-27 16:27:24,-94,32.17175267,34.81191154,18,54:b8:0a:34:78:90,Shani - Green,2017-10-27 16:27:33,-87,32.17074449,34.81143093,19,54:b8:0a:34:78:98,Shani - Green,2017-10-27 16:27:24,-86,32.17175267,34.81191154,18,
1,80:1f:02:a3:7d:62,Gil Kitchen,2017-10-27 16:27:27,-94,32.17137454,34.81173835,14,
1,70:5a:0f:f6:05:16,DIRECT-15-HP OfficeJet Pro 8720,2017-10-27 16:24:04,-94,32.16782073,34.80240578,26,
1,a0:ab:1b:59:3b:00,Armond,2017-10-27 16:19:53,-94,32.16821204,34.80379573,40,
3,80:2a:a8:18:13:88,smadarwifi,2017-10-27 16:20:34,-94,32.16831093,34.80237038,35,44:d9:e7:04:ff:2d,smadarwifi,2017-10-27 16:20:28,-92,32.16827825,34.80290377,35,44:d9:e7:04:ff:fa,smadarwifi,2017-10-27 16:20:31,-87,32.16829847,34.80263893,35,
1,70:62:b8:31:1d:80,tania_2.4,2017-10-27 16:24:55,-94,32.16776081,34.80325115,38,
1,c0:ac:54:f8:0c:1f,HOTBOX-3A94,2017-10-27 16:25:07,-94,32.16810519,34.80406649,33,
1,a0:8c:fd:54:7b:54,DIRECT-A3-HP OfficeJet Pro 8710,2017-10-27 16:27:57,-94,32.16828928,34.81035666,18,
1,64:27:37:77:d1:f3,HP-Print-f3-LaserJet 300,2017-10-27 16:16:31,-94,32.16762928,34.80987929,45,
1,b4:ee:b4:ac:ce:70,Sveta,2017-10-27 16:25:07,-93,32.16810519,34.80406649,33,
1,f4:6b:ef:e2:2c:1f,Casa1,2017-10-27 16:19:15,-93,32.16762402,34.80660841,40,
1,40:65:a3:2d:81:47,HOTBOX-CB76,2017-10-27 16:21:26,-93,32.17015135,34.80053822,30,
1,b0:89:00:d8:86:e5,Partner-4G-86E5,2017-10-27 16:25:19,-93,32.16787842,34.80562835,33,
1,d8:fe:e3:02:c5:49,Smoky,2017-10-27 16:25:19,-93,32.16787842,34.80562835,33,
1,72:0c:c8:10:c8:12,Bezeq Free D02536,2017-10-27 16:25:25,-93,32.1677094,34.80591024,32,
2,a0:63:91:78:40:f2,rfi,2017-10-27 16:25:37,-93,32.16860202,34.80626215,31,c4:04:15:a7:e0:e0,rfi,2017-10-27 16:25:49,-89,32.16985096,34.80660254,31,
1,00:78:9e:fa:dc:f4,Barda,2017-10-27 16:19:09,-93,32.16733646,34.80739313,38,
1,54:e6:fc:b5:14:c2,martin,2017-10-27 16:21:30,-93,32.1704695,34.80067669,29,
1,c0:ac:54:f8:e8:f5,Kalderon,2017-10-27 16:21:30,-93,32.1704695,34.80067669,29,
1,c4:e9:84:aa:f0:c0,TP-LINK_AAF0C0,2017-10-27 16:25:52,-93,32.17019592,34.80675484,31,
1,a2:6c:ac:f3:6a:69,Rainbow Guest,2017-10-27 16:18:42,-93,32.16739532,34.80953943,38,
1,8a:1b:5e:83:d7:c2,TP-LINK_UKTVWATCH_EXT,2017-10-27 16:19:53,-93,32.16821204,34.80379573,40,
1,72:2b:8c:99:02:06,Bezeq Free NA1F34,2017-10-27 16:21:33,-93,32.1707069,34.80079707,29,
1,00:78:9e:fa:b1:de,HOTBOX-D7AA,2017-10-27 16:26:07,-93,32.1717249,34.80740114,28,
1,8e:15:44:ac:d4:e4,Training Room,2017-10-27 16:18:57,-93,32.16681721,34.80873304,35,
1,80:1f:02:66:5a:58,Edimax AP,2017-10-27 16:26:13,-93,32.17223115,34.80762906,36,
1,00:78:9e:fb:7f:c0,HOTBOX-3724,2017-10-27 16:26:22,-93,32.17302276,34.80796667,39,
2,e8:94:f6:71:f4:5b,HamiacheM,2017-10-27 16:26:22,-93,32.17302276,34.80796667,39,14:ae:db:43:27:3d,HamiacheM,2017-10-27 16:26:25,-86,32.17329851,34.8080852,41,
1,c0:ff:d4:c2:48:84,Santosaudio_2.4,2017-10-27 16:21:41,-93,32.17128287,34.80103883,27,
1,14:ae:db:cd:36:3a,Momo,2017-10-27 16:26:25,-93,32.17329851,34.8080852,41,
1,9c:d3:6d:bf:8a:64,RIVKA,2017-10-27 16:21:56,-93,32.17211148,34.8013815,30,
1,88:51:fb:08:ad:f3,HP-Print-F3-Officejet 6700,2017-10-27 16:22:12,-93,32.17265603,34.80149871,35,
1,98:e7:f4:c6:4b:37,DIRECT-35-HP DeskJet 3830 series,2017-10-27 16:14:37,-93,32.16866695,34.81322274,38,
1,30:b5:c2:94:88:d0,laufer_home,2017-10-27 16:22:49,-93,32.17132967,34.80097018,36,
1,ac:f1:df:9d:56:a9,gina,2017-10-27 16:26:37,-93,32.17324726,34.80921234,39,
1,c0:ff:d4:7b:ee:4e,Benedicte,2017-10-27 16:26:37,-93,32.17324726,34.80921234,39,
1,5c:d9:98:c5:c5:a2,Bezeq-N_c5c5a1,2017-10-27 16:19:59,-93,32.16825198,34.80351026,38,
1,3c:1e:04:07:f1:6a,ANDY2.4,2017-10-27 16:26:40,-93,32.17314943,34.80965043,39,
27,90:f6:52:55:88:91,daniel,2017-10-27 16:22:55,-93,32.17091575,34.80080423,39,e8:1d:a8:03:91:58,daniel,2017-10-27 16:23:04,-91,32.17014829,34.80053654,33,e8:1d:a8:03:91:48,daniel,2017-10-27 16:22:03,-90,32.17248602,34.80158775,31,e8:1d:a8:04:fa:08,daniel,2017-10-27 16:21:45,-90,32.17146967,34.80111252,28,d8:38:fc:1c:e6:58,daniel,2017-10-27 16:21:45,-90,32.17146967,34.80111252,28,e8:1d:a8:04:fa:a8,daniel,2017-10-27 16:21:51,-89,32.17183759,34.80126227,30,e8:1d:a8:04:fc:08,daniel,2017-10-27 16:21:36,-89,32.17094993,34.80087842,28,00:27:19:e8:a8:ef,daniel,2017-10-27 16:22:27,-89,32.1718311,34.80121825,40,d8:38:fc:1c:da:c8,daniel,2017-10-27 16:22:46,-89,32.17146993,34.80103098,40,e8:1d:a8:05:01:38,daniel,2017-10-27 16:21:33,-89,32.1707069,34.80079707,29,90:f6:52:55:86:37,daniel,2017-10-27 16:21:45,-89,32.17146967,34.80111252,28,
1,00:78:9e:fb:20:75,HOTBOX-007,2017-10-27 16:26:43,-93,32.17306255,34.81011613,37,
1,84:16:f9:e5:fa:66,Ron,2017-10-27 16:26:46,-93,32.17297854,34.81050125,32,
1,e8:fc:af:99:22:43,Dan38,2017-10-27 16:26:46,-93,32.17297854,34.81050125,32,
1,b4:ee:b4:a7:37:d5,HOT,2017-10-27 16:26:46,-93,32.17297854,34.81050125,32,
1,2c:b0:5d:40:dc:ac,phily,2017-10-27 16:23:04,-93,32.17014829,34.80053654,33,
1,cc:b2:55:e6:f2:15,Dekel,2017-10-27 16:26:55,-93,32.17274362,34.81140622,26,
1,10:be:f5:3d:80:3a,Chana,2017-10-27 16:23:07,-93,32.17006781,34.80050789,33,
1,a0:ab:1b:57:cd:42,Helen.,2017-10-27 16:27:01,-93,32.17257307,34.81188778,25,
1,e0:ce:c3:8b:d9:44,goral,2017-10-27 16:27:01,-93,32.17257307,34.81188778,25,
2,7c:03:4c:fe:ba:1b,HOTBOX,2017-10-27 16:20:37,-93,32.1683407,34.80209549,34,7c:b7:33:c0:ad:87,HOTBOX,2017-10-27 16:26:16,-85,32.17250319,34.8077393,42,
1,d0:d4:12:68:0a:0a,netbo1,2017-10-27 16:20:31,-93,32.16829847,34.80263893,35,
1,e4:6f:13:db:6a:4d,dlink-6A4D,2017-10-27 16:27:10,-93,32.17251092,34.81213272,21,
1,fc:15:b4:aa:9e:57,HP-Print-57-Officejet Pro 8610,2017-10-27 16:27:10,-93,32.17251092,34.81213272,21,
1,c4:12:f5:f5:45:f6,Benhamou,2017-10-27 16:23:22,-93,32.16953355,34.80035958,30,
1,62:a3:86:0a:53:52,Bezeq Free 0a5352,2017-10-27 16:23:28,-93,32.16896675,34.80022497,25,
1,b4:ee:b4:a9:15:f7,Azoulay,2017-10-27 16:27:27,-93,32.17137454,34.81173835,14,
1,88:dc:96:3b:f5:e0,kenley-up,2017-10-27 16:27:27,-93,32.17137454,34.81173835,14,
1,bc:f6:85:0b:6c:bf,DianneC,2017-10-27 16:23:52,-93,32.16794123,34.80115899,24,
1,7c:b7:33:bf:bb:5f,HomeVFS,2017-10-27 16:20:34,-93,32.16831093,34.80237038,35,
1,6c:2e:85:fe:da:b8,HOTBOX-1966,2017-10-27 16:27:39,-93,32.17017837,34.81109731,21,
1,30:d3:2d:37:20:f4,devolo-0f4,2017-10-27 16:27:42,-93,32.16989007,34.81096842,22,
1,48:ee:0c:3a:19:c7,bz46564990,2017-10-27 16:20:40,-93,32.16837178,34.80181903,35,
1,c4:12:f5:f9:5c:7c,Lili,2017-10-27 16:27:45,-93,32.16957016,34.81081783,18,
2,f4:f2:6d:34:56:54,spielman,2017-10-27 16:27:51,-93,32.16893268,34.81056291,20,7c:b7:33:2b:c4:52,spielman,2017-10-27 16:28:03,-89,32.16776437,34.8100792,19,
1,c8:d7:19:da:03:16,forestisthebest,2017-10-27 16:27:51,-93,32.16893268,34.81056291,20,
1,d8:fe:e3:02:d1:01,Galei1,2017-10-27 16:20:52,-93,32.16849288,34.80064482,34,
1,00:f6:63:15:58:81,KaymeraDev,2017-10-27 16:27:54,-93,32.16860304,34.81046488,17,
1,00:21:04:e8:c5:8a,steeletennis,2017-10-27 16:20:57,-93,32.16854703,34.80030064,34,
1,e4:8d:8c:7f:3d:0d,Erez Man,2017-10-27 16:28:03,-93,32.16776437,34.8100792,19,
1,78:9f:70:7b:90:14,yaront-mac,2017-10-27 16:28:03,-93,32.16776437,34.8100792,19,
1,48:ee:0c:3e:cb:98,Mwanza,2017-10-27 16:25:10,-93,32.1680484,34.80454278,32,
1,c0:ac:54:f5:d6:3d,Banana,2017-10-27 16:26:25,-92,32.17329851,34.8080852,41,
1,5c:d9:98:c6:33:56,AHARON,2017-10-27 16:20:34,-92,32.16831093,34.80237038,35,
2,64:70:02:c5:73:b0,HomeWi-Fi,2017-10-27 16:26:31,-92,32.17337685,34.80847679,40,64:70:02:c5:70:b8,HomeWi-Fi,2017-10-27 16:26:34,-90,32.17330793,34.80883147,42,
1,c4:a8:1d:13:61:b5,Grosman_sec,2017-10-27 16:19:47,-92,32.16811014,34.80456402,39,
3,6c:b0:ce:e8:29:c0,Video Connection,2017-10-27 16:21:06,-92,32.16881248,34.80015942,36,6c:b0:ce:e8:2a:b0,Video Connection,2017-10-27 16:21:20,-92,32.1698537,34.80041581,35,6c:b0:ce:e8:2a:50,Video Connection,2017-10-27 16:21:11,-88,32.1692159,34.80022603,35,
1,90:6c:ac:a9:dd:ba,Treepodia_WIFI2,2017-10-27 16:23:34,-92,32.16857669,34.80014154,27,
1,c0:c1:c0:ce:4d:06,ida,2017-10-27 16:19:47,-92,32.16811014,34.80456402,39,
1,1c:af:f7:6f:07:93,margopharma,2017-10-27 16:23:46,-92,32.16801984,34.80044722,27,
1,d4:68:4d:79:27:a3,island-3927A0,2017-10-27 16:21:11,-92,32.1692159,34.80022603,35,
1,3c:1e:04:03:71:97,silverbeck,2017-10-27 16:23:55,-92,32.16791664,34.80145366,24,
1,54:e6:fc:cc:5a:b8,ISRAEL26,2017-10-27 16:21:14,-92,32.16947007,34.80029112,35,
2,2c:ab:25:78:9d:04,Ste_2.4GHz,2017-10-27 16:24:01,-92,32.16785244,34.80206584,25,20:0c:c8:10:0c:23,Ste_2.4GHz,2017-10-27 16:24:10,-88,32.16776054,34.8028197,26,
1,bc:f6:85:0d:5b:c0,angelina,2017-10-27 16:21:14,-92,32.16947007,34.80029112,35,
3,04:a1:51:2f:f2:be,TopAudio,2017-10-27 16:21:20,-92,32.1698537,34.80041581,35,e4:f4:c6:4d:c7:5c,TopAudio,2017-10-27 16:21:33,-88,32.1707069,34.80079707,29,4c:60:de:d1:da:80,TopAudio,2017-10-27 16:21:36,-83,32.17094993,34.80087842,28,
1,90:8d:78:b6:28:f6,Talfamily2,2017-10-27 16:15:52,-92,32.16874744,34.8109599,41,
1,30:b5:c2:fe:aa:56,NGOGA,2017-10-27 16:14:37,-92,32.16866695,34.81322274,38,
1,00:8c:54:8f:59:51,shlomo1,2017-10-27 16:25:13,-92,32.16799787,34.80501351,31,
8,62:8d:78:50:6a:13,BezeqFree,2017-10-27 16:25:13,-92,32.16799787,34.80501351,31,6a:12:f5:84:50:41,BezeqFree,2017-10-27 16:25:19,-91,32.16787842,34.80562835,33,6a:12:f5:f9:5e:71,BezeqFree,2017-10-27 16:14:37,-90,32.16866695,34.81322274,38,5a:be:f5:43:ab:af,BezeqFree,2017-10-27 16:22:15,-90,32.17246041,34.80146374,38,14:af:db:cd:36:3a,BezeqFree,2017-10-27 16:26:25,-89,32.17329851,34.8080852,41,06:ae:db:b1:ac:0d,BezeqFree,2017-10-27 16:20:46,-88,32.16844882,34.80120414,35,14:af:db:30:c9:d2,BezeqFree,2017-10-27 16:20:54,-87,32.16851102,34.80047649,35,06:ae:db:ba:2d:35,BezeqFree,2017-10-27 16:20:54,-85,32.16851102,34.80047649,35,
1,6c:b0:ce:33:a4:d5,hagit_2.4,2017-10-27 16:25:13,-92,32.16799787,34.80501351,31,
4,5a:b0:ce:33:a4:d6,Bezeq Free,2017-10-27 16:25:13,-92,32.16799787,34.80501351,31,52:f1:df:a0:70:ea,Bezeq Free,2017-10-27 16:26:13,-88,32.17223115,34.80762906,36,62:fc:af:9d:69:bf,Bezeq Free,2017-10-27 16:23:34,-87,32.16857669,34.80014154,27,62:04:15:60:6a:b6,Bezeq Free,2017-10-27 16:27:21,-87,32.17208714,34.81204662,18,
1,f6:dd:9e:7a:1a:4f,GP25665584,2017-10-27 16:21:30,-92,32.1704695,34.80067669,29,
1,d8:fb:5e:17:62:93,HOTBOX-628D,2017-10-27 16:21:30,-92,32.1704695,34.80067669,29,
1,74:da:38:cc:d8:80,Vexlerar_2EX,2017-10-27 16:19:09,-92,32.16733646,34.80739313,38,
2,54:64:d9:66:29:ef,U2I8L1M0X42,2017-10-27 16:27:21,-92,32.17208714,34.81204662,18,7c:b7:33:97:35:f1,U2I8L1M0X42,2017-10-27 16:27:18,-86,32.17235991,34.81215514,19,
1,14:ae:db:44:c5:45,svetlana,2017-10-27 16:20:34,-92,32.16831093,34.80237038,35,
1,94:57:a5:4d:eb:8b,DIRECT-52-HP DeskJet 3830 series,2017-10-27 16:25:22,-92,32.16780207,34.8057662,32,
1,a0:63:91:69:f6:af,OP2,2017-10-27 16:14:37,-92,32.16866695,34.81322274,38,
2,ec:08:6b:67:fc:c5,gattegnio,2017-10-27 16:25:37,-92,32.16860202,34.80626215,31,fc:b4:e6:d0:b6:67,gattegnio,2017-10-27 16:25:37,-91,32.16860202,34.80626215,31,
2,ec:22:80:b3:2e:10,770,2017-10-27 16:20:28,-92,32.16827825,34.80290377,35,14:ae:db:b1:ac:0d,770,2017-10-27 16:20:34,-88,32.16831093,34.80237038,35,
2,00:24:2b:cf:13:21,stephane,2017-10-27 16:27:39,-92,32.17017837,34.81109731,21,14:cc:20:eb:e7:53,stephane,2017-10-27 16:27:48,-92,32.16925256,34.81069134,19,
1,08:6a:0a:22:a3:39,HOTBOX-A333,2017-10-27 16:21:51,-92,32.17183759,34.80126227,30,
1,e4:6f:13:47:e4:21,GuestHome,2017-10-27 16:25:55,-92,32.1705107,34.80687558,29,
1,c0:a0:bb:cb:59:5b,BezeqNGN_001489_2.4GHz_1,2017-10-27 16:27:45,-92,32.16957016,34.81081783,18,
1,c0:ac:54:f6:e1:ec,HOTBOX-F3BE,2017-10-27 16:22:12,-92,32.17265603,34.80149871,35,
1,0c:f4:d5:7c:74:23,island-3C7420,2017-10-27 16:22:24,-92,32.17185891,34.80124727,41,
1,62:a4:4c:f1:7b:d9,Network,2017-10-27 16:26:07,-92,32.1717249,34.80740114,28,
1,00:02:6f:eb:a0:f4,hilda,2017-10-27 16:15:07,-92,32.16868528,34.81321713,40,
3,08:6a:0a:57:c1:72,HOTFiber-C5F0,2017-10-27 16:26:10,-92,32.17197198,34.80751328,27,f8:ab:05:47:21:8f,HOTFiber-C5F0,2017-10-27 16:26:10,-90,32.17197198,34.80751328,27,08:3e:5d:61:fc:59,HOTFiber-C5F0,2017-10-27 16:26:13,-86,32.17223115,34.80762906,36,
1,c0:ac:54:f7:fb:ba,Roni,2017-10-27 16:26:16,-92,32.17250319,34.8077393,42,
1,00:0f:cb:b5:2e:78,3Com,2017-10-27 16:28:03,-92,32.16776437,34.8100792,19,
1,fc:3f:db:a0:46:84,DIRECT-02-HP DeskJet 3830 series,2017-10-27 16:26:19,-92,32.17276011,34.80783579,39,
1,dc:4a:3e:39:b0:a9,HP-Print-A9-Officejet Pro 6830,2017-10-27 16:22:58,-92,32.1706614,34.80073339,35,
1,1c:67:58:cc:e0:68,Partner-4G-E068,2017-10-27 16:20:49,-91,32.16846448,34.80091936,32,
1,e8:fc:af:92:b9:87,elneuron,2017-10-27 16:20:28,-91,32.16827825,34.80290377,35,
2,14:ae:db:37:05:65,Yvo_home,2017-10-27 16:26:34,-91,32.17330793,34.80883147,42,74:da:3a:be:d7:a2,Yvo_home,2017-10-27 16:26:40,-89,32.17314943,34.80965043,39,
1,d8:fe:e3:03:c7:b1,BENY PUR,2017-10-27 16:19:00,-91,32.16688561,34.80854031,36,
1,18:d6:c7:83:c8:8a,mookie5,2017-10-27 16:23:04,-91,32.17014829,34.80053654,33,
13,0c:f4:d5:1b:3f:6c,DanAccadia,2017-10-27 16:21:01,-91,32.16858542,34.80020728,37,d8:38:fc:26:02:98,DanAccadia,2017-10-27 16:20:57,-90,32.16854703,34.80030064,34,0c:f4:d5:1b:49:38,DanAccadia,2017-10-27 16:23:25,-90,32.16925266,34.80028248,25,d8:38:fc:25:9d:28,DanAccadia,2017-10-27 16:23:31,-90,32.16873071,34.8001699,25,d8:38:fc:26:dd:d8,DanAccadia,2017-10-27 16:23:37,-90,32.16840058,34.80011614,28,d8:38:fc:26:fd:18,DanAccadia,2017-10-27 16:21:01,-89,32.16858542,34.80020728,37,d8:38:fc:28:24:7c,DanAccadia,2017-10-27 16:23:43,-88,32.16806164,34.80020374,28,0c:f4:d5:1b:d3:88,DanAccadia,2017-10-27 16:21:01,-87,32.16858542,34.80020728,37,d8:38:fc:26:dc:38,DanAccadia,2017-10-27 16:23:31,-86,32.16873071,34.8001699,25,0c:f4:d5:1b:0b:18,DanAccadia,2017-10-27 16:23:55,-86,32.16791664,34.80145366,24,0c:f4:d5:1b:e1:58,DanAccadia,2017-10-27 16:23:37,-85,32.16840058,34.80011614,28,
1,a4:2b:8c:99:02:05,lazare2.4,2017-10-27 16:23:10,-91,32.17004183,34.80050113,33,
1,86:25:19:02:7e:a8,DIRECT-CJM2070 Series,2017-10-27 16:26:46,-91,32.17297854,34.81050125,32,
1,f8:d1:11:35:00:4a,gregori120,2017-10-27 16:19:53,-91,32.16821204,34.80379573,40,
1,2c:b0:5d:2c:fe:54,GilPil,2017-10-27 16:26:55,-91,32.17274362,34.81140622,26,
1,94:f6:65:5b:b2:28,Efrat Networks MM,2017-10-27 16:19:06,-91,32.1671744,34.80782731,35,
1,a0:48:1c:65:96:33,HP-Print-33-Deskjet 4640 series,2017-10-27 16:23:25,-91,32.16925266,34.80028248,25,
1,5c:83:8f:33:bd:68,terry_ap,2017-10-27 16:16:07,-91,32.1682687,34.81030598,45,
1,74:da:38:30:26:6f,marcus 1,2017-10-27 16:21:11,-91,32.1692159,34.80022603,35,
1,74:da:38:a9:0c:3e,Annatel_3372,2017-10-27 16:25:40,-91,32.16891568,34.806354,30,
1,6c:b0:ce:36:91:9f,obadiahouse1_2_4,2017-10-27 16:25:43,-91,32.1692489,34.8064284,26,
1,70:5a:0f:67:88:45,HP-Print-45-Officejet Pro 6830,2017-10-27 16:25:49,-91,32.16985096,34.80660254,31,
1,c0:ac:54:f6:c5:4b,HOT123,2017-10-27 16:20:34,-91,32.16831093,34.80237038,35,
1,84:34:97:1c:cd:99,HP-Print-99-Officejet 6700,2017-10-27 16:23:40,-91,32.16820938,34.80009418,26,
1,e2:91:f5:b6:ec:a8,shor_Ext,2017-10-27 16:19:24,-91,32.16781318,34.80615399,40,
2,c0:ac:54:f7:13:e3,HOTBOX-1,2017-10-27 16:23:49,-91,32.16798596,34.80081806,26,40:65:a3:2b:58:68,HOTBOX-1,2017-10-27 16:22:00,-82,32.17235211,34.80147664,32,
1,d4:68:4d:39:23:b8,Marine-Heights,2017-10-27 16:21:17,-91,32.16970586,34.8003408,38,
1,90:f6:52:78:f4:cb,Van2,2017-10-27 16:26:10,-91,32.17197198,34.80751328,27,
1,14:ae:db:48:16:65,menashe,2017-10-27 16:26:10,-91,32.17197198,34.80751328,27,
2,08:3e:5d:63:39:61,HOTFiber-06B6,2017-10-27 16:26:10,-91,32.17197198,34.80751328,27,f0:b4:29:f1:f0:1b,HOTFiber-06B6,2017-10-27 16:26:19,-88,32.17276011,34.80783579,39,
1,00:78:9e:fb:aa:80,Volff,2017-10-27 16:22:03,-91,32.17248602,34.80158775,31,
1,00:78:9e:fa:9d:51,nilly,2017-10-27 16:22:12,-91,32.17265603,34.80149871,35,
1,00:78:9e:fa:4e:8d,HOTBOX-DF26,2017-10-27 16:26:10,-91,32.17197198,34.80751328,27,
1,e0:ce:c3:8c:2b:5a,stefan,2017-10-27 16:24:04,-91,32.16782073,34.80240578,26,
1,70:5a:0f:a2:3f:61,DIRECT-06-HP OfficeJet Pro 8710,2017-10-27 16:19:56,-91,32.16824883,34.80357351,39,
1,00:22:b0:75:7d:eb,gella555,2017-10-27 16:19:56,-91,32.16824883,34.80357351,39,
1,70:62:b8:33:d8:17,babani_2.4,2017-10-27 16:26:19,-91,32.17276011,34.80783579,39,
1,10:be:f5:43:ab:ae,Yonch,2017-10-27 16:22:15,-91,32.17246041,34.80146374,38,
1,9c:d3:6d:c2:64:81,carmi,2017-10-27 16:22:21,-91,32.17197315,34.80129989,38,
1,14:ae:db:b2:8e:75,Biana_n,2017-10-27 16:25:04,-91,32.16813652,34.80370267,32,
1,a4:2b:8c:98:db:d2,vue sur mer_2.4,2017-10-27 16:25:04,-91,32.16813652,34.80370267,32,
1,6c:2e:85:fe:95:f7,HOTBOX-E99C,2017-10-27 16:22:24,-91,32.17185891,34.80124727,41,
2,d8:fb:5e:17:e3:64,HOTBOX-E35E,2017-10-27 16:26:25,-91,32.17329851,34.8080852,41,a0:8e:78:7f:3e:bb,HOTBOX-E35E,2017-10-27 16:26:25,-85,32.17329851,34.8080852,41,
1,6c:b0:ce:ab:5a:a1,bacapital,2017-10-27 16:18:54,-91,32.16686569,34.8088424,35,
1,84:26:15:eb:2d:b3,Ester_wifi,2017-10-27 16:19:12,-91,32.16749167,34.80697148,39,
1,d0:0e:d9:26:e8:c5,SandyAndDanny,2017-10-27 16:28:03,-91,32.16776437,34.8100792,19,
1,30:e1:71:c5:17:eb,DIRECT-EA-HP OfficeJet Pro 6960,2017-10-27 16:19:06,-91,32.1671744,34.80782731,35,
2,00:1d:aa:80:94:34,toffy,2017-10-27 16:22:55,-91,32.17091575,34.80080423,39,00:1d:aa:80:94:4c,toffy,2017-10-27 16:22:03,-82,32.17248602,34.80158775,31,
1,74:da:38:a6:db:98,Greenberg1_2EX,2017-10-27 16:26:37,-91,32.17324726,34.80921234,39,
1,30:f7:72:6e:8e:a0,HP-Print-A0-LaserJet Pro MFP,2017-10-27 16:28:06,-91,32.167615,34.80992403,19,
1,00:90:8f:2b:c0:5c,doram012,2017-10-27 16:22:58,-91,32.1706614,34.80073339,35,
1,00:26:5a:77:8c:db,Rina,2017-10-27 16:16:07,-90,32.1682687,34.81030598,45,
1,fc:3f:db:f1:00:fb,HP-Print-FB-Officejet Pro 8610,2017-10-27 16:19:09,-90,32.16733646,34.80739313,38,
2,82:2a:a8:18:13:88,Student,2017-10-27 16:20:03,-90,32.16826063,34.80352491,38,56:d9:e7:f3:03:78,Student,2017-10-27 16:20:31,-87,32.16829847,34.80263893,35,
1,50:c7:bf:8e:67:66,MoragUP,2017-10-27 16:19:18,-90,32.16772332,34.80631515,41,
1,74:da:38:a6:3c:32,HOTBOX-62D0_2EX,2017-10-27 16:21:36,-90,32.17094993,34.80087842,28,
1,94:57:a5:4a:f4:89,DIRECT-17-HP DeskJet 3830 series,2017-10-27 16:19:24,-90,32.16781318,34.80615399,40,
7,06:8d:db:6e:71:be,888Free,2017-10-27 16:18:54,-90,32.16686569,34.8088424,35,06:8d:db:6e:71:6d,888Free,2017-10-27 16:28:09,-90,32.16758618,34.80986741,19,06:8d:db:6e:71:c1,888Free,2017-10-27 16:17:45,-89,32.16764789,34.80987743,39,06:8d:db:6e:71:13,888Free,2017-10-27 16:28:03,-85,32.16776437,34.8100792,19,06:8d:db:6e:71:bf,888Free,2017-10-27 16:16:22,-82,32.16763949,34.80988697,45,06:8d:cb:6e:71:be,888Free,2017-10-27 16:17:13,-82,32.16769734,34.80987698,37,06:8d:cb:6e:71:6d,888Free,2017-10-27 16:17:10,-80,32.16769749,34.80987711,37,
1,14:ae:db:cd:36:3d,Momo_5,2017-10-27 16:26:28,-90,32.17343059,34.80825376,40,
1,ac:f1:df:9e:31:81,SashaHome,2017-10-27 16:26:28,-90,32.17343059,34.80825376,40,
1,5c:d9:98:c6:50:2f,peles,2017-10-27 16:26:28,-90,32.17343059,34.80825376,40,
1,00:8c:54:8b:ec:e1,Yoels,2017-10-27 16:24:10,-90,32.16776054,34.8028197,26,
1,9c:d6:43:23:99:91,Roikhel,2017-10-27 16:24:13,-90,32.16775468,34.80285047,27,
1,70:3a:cb:5f:4f:25,wingate,2017-10-27 16:24:20,-90,32.16776133,34.80285408,29,
1,00:78:9e:fa:c7:d5,AHRONEE,2017-10-27 16:26:37,-90,32.17324726,34.80921234,39,
1,c0:ac:54:f5:7b:a7,osnatg370,2017-10-27 16:14:37,-90,32.16866695,34.81322274,38,
1,c0:d9:62:f5:17:d9,Dav,2017-10-27 16:20:40,-90,32.16837178,34.80181903,35,
1,1c:bd:b9:e7:5b:a0,dlink,2017-10-27 16:22:00,-90,32.17235211,34.80147664,32,
1,e4:d5:3d:7d:d6:a2,HP-Print-a2-LaserJet 400 color,2017-10-27 16:16:07,-90,32.1682687,34.81030598,45,
1,14:ae:db:b5:1b:dd,RINA,2017-10-27 16:26:40,-90,32.17314943,34.80965043,39,
1,14:cc:20:eb:cb:c6,May,2017-10-27 16:15:37,-90,32.16882634,34.81238415,40,
1,d8:5d:4c:ca:4c:5a,1602,2017-10-27 16:22:06,-90,32.17257922,34.80168541,32,
1,c4:12:f5:fd:d1:94,klara-012,2017-10-27 16:19:53,-90,32.16821204,34.80379573,40,
1,c4:04:15:1a:50:b4,appa901,2017-10-27 16:22:06,-90,32.17257922,34.80168541,32,
1,7c:b7:33:a1:a5:6d,HOTFiber,2017-10-27 16:26:46,-90,32.17297854,34.81050125,32,
1,00:78:9e:fa:61:49,Ykov,2017-10-27 16:22:06,-90,32.17257922,34.80168541,32,
1,fc:b4:e6:cf:d1:dd,HOTBOX-D1D7,2017-10-27 16:15:37,-90,32.16882634,34.81238415,40,
1,e0:ce:c3:19:c6:e6,Elbaze,2017-10-27 16:20:54,-90,32.16851102,34.80047649,35,
1,bc:f6:85:0d:22:cb,rdpokecoke2,2017-10-27 16:22:15,-90,32.17246041,34.80146374,38,
1,74:da:38:a9:2c:6c,Dekel2,2017-10-27 16:26:55,-90,32.17274362,34.81140622,26,
1,e0:ce:c3:8a:7b:d0,taieb,2017-10-27 16:22:24,-90,32.17185891,34.80124727,41,
1,16:0c:c3:ee:59:79,MOSHE,2017-10-27 16:25:16,-90,32.16794147,34.80538989,32,
1,c8:be:19:07:58:09,elissa,2017-10-27 16:25:16,-90,32.16794147,34.80538989,32,
1,ec:8c:a2:a1:25:c8,IIT,2017-10-27 16:20:57,-90,32.16854703,34.80030064,34,
1,5a:fe:e3:03:c7:b3,0506679780,2017-10-27 16:19:00,-90,32.16688561,34.80854031,36,
5,f0:3e:90:0f:6b:38,orchid,2017-10-27 16:22:37,-90,32.17173543,34.80114287,40,24:79:2a:0e:0f:e8,orchid,2017-10-27 16:22:15,-89,32.17246041,34.80146374,38,f0:3e:90:0f:58:78,orchid,2017-10-27 16:22:12,-89,32.17265603,34.80149871,35,f0:3e:90:0f:6b:58,orchid,2017-10-27 16:22:03,-85,32.17248602,34.80158775,31,f0:3e:90:0f:6b:b8,orchid,2017-10-27 16:22:09,-84,32.17271913,34.80164867,33,
1,08:6a:0a:22:a8:e9,HOTBOX-A8E3,2017-10-27 16:22:49,-90,32.17132967,34.80097018,36,
1,7c:03:4c:ba:bf:55,HOTBOX-72B6,2017-10-27 16:15:37,-90,32.16882634,34.81238415,40,
1,c0:ac:54:f8:b3:93,zina 1932,2017-10-27 16:19:50,-90,32.16815321,34.80414284,39,
1,c4:04:15:60:6a:b5,ben_ami_2.4,2017-10-27 16:27:21,-90,32.17208714,34.81204662,18,
1,70:5a:0f:f6:54:ad,DIRECT-AC-HP OfficeJet Pro 8720,2017-10-27 16:27:24,-90,32.17175267,34.81191154,18,
1,30:b5:c2:3d:a9:0a,MatchBoxAir,2017-10-27 16:22:58,-90,32.1706614,34.80073339,35,
1,a0:ab:1b:62:a7:bc,Home.,2017-10-27 16:19:06,-90,32.1671744,34.80782731,35,
1,b0:aa:77:f1:3a:68,Shaked-Guest WiFi,2017-10-27 16:16:22,-90,32.16763949,34.80988697,45,
1,c4:12:f5:fb:c0:3e,mika1,2017-10-27 16:27:27,-90,32.17137454,34.81173835,14,
1,94:f6:65:1b:b2:28,Guest Neetwork MM,2017-10-27 16:16:34,-90,32.16762991,34.80987749,45,
1,5c:b9:01:6a:8c:45,HP-Print-45-Deskjet 4640 series,2017-10-27 16:21:14,-90,32.16947007,34.80029112,35,
1,74:da:38:ae:91:7b,lavel-2,2017-10-27 16:16:40,-90,32.16763013,34.80987707,45,
1,14:ae:db:b0:41:25,Tamara,2017-10-27 16:19:59,-90,32.16825198,34.80351026,38,
1,e4:d3:f1:9a:81:60,rdk,2017-10-27 16:27:36,-90,32.17046806,34.81126309,20,
1,7c:b7:33:ea:b7:bd,HOTFiber-1B7F,2017-10-27 16:25:46,-90,32.16953076,34.80649419,28,
1,d8:5d:4c:d9:c4:68,shlomi,2017-10-27 16:27:39,-90,32.17017837,34.81109731,21,
2,78:e8:b6:69:2a:e9,smartsell,2017-10-27 16:16:40,-90,32.16763013,34.80987707,45,78:e8:b6:69:2c:91,smartsell,2017-10-27 16:16:22,-85,32.16763949,34.80988697,45,
2,74:da:38:54:b8:1c,oved-main_2EX,2017-10-27 16:27:42,-90,32.16989007,34.81096842,22,74:da:38:97:66:9d,oved-main_2EX,2017-10-27 16:27:54,-87,32.16860304,34.81046488,17,
1,c0:ac:54:f7:27:42,HOTBOX-2E6E,2017-10-27 16:27:42,-90,32.16989007,34.81096842,22,
1,cc:b2:55:e8:4c:e6,INGENEO,2017-10-27 16:17:21,-90,32.16767283,34.80988807,38,
1,10:0d:7f:86:a4:42,melsara,2017-10-27 16:25:55,-90,32.1705107,34.80687558,29,
2,d0:d4:12:65:19:a2,netbox,2017-10-27 16:27:48,-90,32.16925256,34.81069134,19,d0:d4:12:67:a1:fa,netbox,2017-10-27 16:20:54,-84,32.16851102,34.80047649,35,
1,e4:6f:13:70:97:c4,Vexlerar,2017-10-27 16:19:12,-90,32.16749167,34.80697148,39,
8,0a:8d:db:6e:71:c1,888Corp,2017-10-27 16:17:45,-90,32.16764789,34.80987743,39,0a:8d:cb:6e:71:6d,888Corp,2017-10-27 16:17:07,-89,32.16769841,34.80987687,37,0a:8d:cb:6e:71:be,888Corp,2017-10-27 16:16:37,-87,32.1676301,34.80987737,45,0a:8d:db:6e:71:6d,888Corp,2017-10-27 16:28:36,-87,32.16762841,34.8098606,25,0a:8d:db:6e:71:13,888Corp,2017-10-27 16:28:03,-86,32.16776437,34.8100792,19,0a:8d:db:6e:71:be,888Corp,2017-10-27 16:16:31,-86,32.16762928,34.80987929,45,0a:8d:db:6e:71:bf,888Corp,2017-10-27 16:16:31,-85,32.16762928,34.80987929,45,0a:8d:cb:6e:71:bf,888Corp,2017-10-27 16:17:10,-84,32.16769749,34.80987711,37,
1,f8:32:e4:b4:31:40,TV,2017-10-27 16:26:07,-90,32.1717249,34.80740114,28,
1,a0:4f:d4:44:36:71,Gold,2017-10-27 16:23:28,-90,32.16896675,34.80022497,25,
1,62:ff:d4:7a:ac:3a,Bezeq Free 3A4428,2017-10-27 16:23:31,-90,32.16873071,34.8001699,25,
1,00:78:9e:fb:30:e8,irisuites,2017-10-27 16:21:30,-90,32.1704695,34.80067669,29,
1,54:e6:fc:ff:72:1f,Lazar,2017-10-27 16:23:34,-90,32.16857669,34.80014154,27,
1,c8:60:00:b1:d4:50,GUYFI,2017-10-27 16:16:07,-90,32.1682687,34.81030598,45,
2,00:1d:aa:0f:59:f0,rojavi2017,2017-10-27 16:25:58,-89,32.17078967,34.80700602,29,ac:f1:df:a0:70:e9,rojavi2017,2017-10-27 16:26:13,-88,32.17223115,34.80762906,36,
1,8c:59:c3:a3:61:e9,Cellcom-WiFi_2078,2017-10-27 16:26:40,-89,32.17314943,34.80965043,39,
1,d8:38:fc:5c:e6:58,Logitech,2017-10-27 16:21:45,-89,32.17146967,34.80111252,28,
1,54:64:d9:66:27:79,HOTBOX-62D0,2017-10-27 16:21:14,-89,32.16947007,34.80029112,35,
2,14:cc:20:76:cd:12,Angel,2017-10-27 16:26:49,-89,32.17293114,34.81078794,33,14:cc:20:76:cc:fe,Angel,2017-10-27 16:27:01,-85,32.17257307,34.81188778,25,
1,00:10:f3:69:ea:f4,GIdron2,2017-10-27 16:23:04,-89,32.17014829,34.80053654,33,
1,d4:6e:0e:3c:2f:99,rojavi_EXT,2017-10-27 16:25:58,-89,32.17078967,34.80700602,29,
1,c0:a0:bb:cc:e2:3a,Happy Home Network,2017-10-27 16:21:17,-89,32.16970586,34.8003408,38,
1,74:da:38:73:17:cf,menashe_2EX,2017-10-27 16:26:10,-89,32.17197198,34.80751328,27,
1,bc:67:1c:41:3a:03,ohait1,2017-10-27 16:21:51,-89,32.17183759,34.80126227,30,
1,c0:ac:54:f7:3f:be,feelhome,2017-10-27 16:21:17,-89,32.16970586,34.8003408,38,
1,9e:93:4e:78:1c:45,DIRECT-7DWorkCentre 3345,2017-10-27 16:26:13,-89,32.17223115,34.80762906,36,
2,f4:6b:ef:e2:2b:25,HOTBOX-3DFD,2017-10-27 16:20:43,-89,32.16841015,34.8014927,36,b4:ee:b4:a7:3e:03,HOTBOX-3DFD,2017-10-27 16:23:31,-85,32.16873071,34.8001699,25,
1,ec:8c:a2:09:dd:48,LRWN,2017-10-27 16:15:52,-89,32.16874744,34.8109599,41,
1,d8:fb:5e:18:4a:d5,HOTBOX-4ACF,2017-10-27 16:20:46,-89,32.16844882,34.80120414,35,
1,f8:d1:11:75:25:64,Murad1,2017-10-27 16:25:13,-89,32.16799787,34.80501351,31,
1,f8:d1:11:ce:e5:e6,TP-LINK-BET,2017-10-27 16:27:21,-89,32.17208714,34.81204662,18,
1,c0:ac:54:f7:c6:78,HOTBOX-718A,2017-10-27 16:21:20,-89,32.1698537,34.80041581,35,
1,9c:d6:43:23:0c:9c,joy,2017-10-27 16:20:46,-89,32.16844882,34.80120414,35,
2,90:8d:78:50:6a:12,gabriel,2017-10-27 16:25:16,-89,32.16794147,34.80538989,32,48:ee:0c:ea:e7:f0,gabriel,2017-10-27 16:19:53,-86,32.16821204,34.80379573,40,
1,02:1f:c6:8b:69:1d,Wireless,2017-10-27 16:22:06,-89,32.17257922,34.80168541,32,
1,18:d6:c7:ef:1e:a4,Hazan_Home,2017-10-27 16:19:44,-89,32.16808238,34.80498734,40,
1,6c:2e:85:fe:a1:37,HOTBOX-8A9C,2017-10-27 16:26:25,-89,32.17329851,34.8080852,41,
1,00:1d:aa:fb:1f:b0,ZEISS_YEHUDA,2017-10-27 16:27:30,-89,32.17104698,34.81157034,17,
1,7c:b7:33:2e:76:73,Mouly,2017-10-27 16:18:54,-89,32.16686569,34.8088424,35,
1,10:0d:7f:88:fd:88,Bourne,2017-10-27 16:20:57,-89,32.16854703,34.80030064,34,
1,10:5a:f7:06:d2:0a,berko_5,2017-10-27 16:26:28,-89,32.17343059,34.80825376,40,
1,90:a7:c1:14:e3:b4,TopAudio-N,2017-10-27 16:22:15,-89,32.17246041,34.80146374,38,
1,a0:ab:1b:62:76:ac,anna2.4,2017-10-27 16:20:34,-89,32.16831093,34.80237038,35,
1,74:da:38:a9:1c:df,  InnovationEndeavors,2017-10-27 16:27:45,-89,32.16957016,34.81081783,18,
1,54:e6:fc:b5:39:9e,allen123,2017-10-27 16:22:35,-89,32.17178599,34.80117171,39,
1,c0:ac:54:f5:b1:84,preminger,2017-10-27 16:23:55,-89,32.16791664,34.80145366,24,
1,14:cc:20:b3:99:76,Tache,2017-10-27 16:24:01,-89,32.16785244,34.80206584,25,
1,20:0c:c8:2a:13:80,president,2017-10-27 16:25:46,-89,32.16953076,34.80649419,28,
1,c4:e9:84:27:0c:aa,IDO,2017-10-27 16:19:09,-89,32.16733646,34.80739313,38,
1,30:b5:c2:bd:52:40,Rabia,2017-10-27 16:19:18,-89,32.16772332,34.80631515,41,
1,8a:ff:b4:f8:5c:3a,hpsetup,2017-10-27 16:22:55,-89,32.17091575,34.80080423,39,
1,84:16:f9:c2:fa:6e,dan38,2017-10-27 16:26:46,-89,32.17297854,34.81050125,32,
1,a0:4f:d4:3e:7c:31,MiriTal,2017-10-27 16:23:04,-88,32.17014829,34.80053654,33,
1,a0:4f:d4:42:ba:71,cactus,2017-10-27 16:18:45,-88,32.1672194,34.80930495,37,
1,6c:b0:ce:aa:73:31,SAGARMATHA,2017-10-27 16:26:43,-88,32.17306255,34.81011613,37,
1,00:12:2a:31:b9:dc,123uoses,2017-10-27 16:22:00,-88,32.17235211,34.80147664,32,
1,08:02:8e:8c:24:e0,Sokol,2017-10-27 16:26:46,-88,32.17297854,34.81050125,32,
1,10:0d:7f:99:bd:b2,099556880,2017-10-27 16:25:07,-88,32.16810519,34.80406649,33,
1,04:a1:51:c4:27:6e,Ellman-2.4Ghz,2017-10-27 16:20:46,-88,32.16844882,34.80120414,35,
1,98:e7:f4:42:4e:d9,DIRECT-D8-HP OfficeJet Pro 8710,2017-10-27 16:21:26,-88,32.17015135,34.80053822,30,
4,04:bd:88:00:e1:40,GRATCH,2017-10-27 16:20:34,-88,32.16831093,34.80237038,35,04:bd:88:00:e1:50,GRATCH,2017-10-27 16:20:37,-88,32.1683407,34.80209549,34,04:bd:88:01:59:a0,GRATCH,2017-10-27 16:20:43,-83,32.16841015,34.8014927,36,04:bd:88:00:fc:00,GRATCH,2017-10-27 16:20:46,-81,32.16844882,34.80120414,35,
1,00:12:2a:35:b1:64,George,2017-10-27 16:26:19,-88,32.17276011,34.80783579,39,
3,a0:63:91:78:40:b2,I.L.L,2017-10-27 16:20:52,-88,32.16849288,34.80064482,34,c0:ff:d4:bd:96:ca,I.L.L,2017-10-27 16:23:55,-80,32.16791664,34.80145366,24,c0:ff:d4:bd:9e:30,I.L.L,2017-10-27 16:23:58,-70,32.16788999,34.80175144,23,
1,30:b5:c2:da:24:b4,ERSS91,2017-10-27 16:21:30,-88,32.1704695,34.80067669,29,
1,28:c6:8e:37:ab:72,gary-flat,2017-10-27 16:20:54,-88,32.16851102,34.80047649,35,
1,e8:d1:1b:71:e6:9e,HOTBOX-E698,2017-10-27 16:23:28,-88,32.16896675,34.80022497,25,
1,c4:12:f5:f6:7f:70,Yonatan,2017-10-27 16:26:25,-88,32.17329851,34.8080852,41,
1,00:1b:9e:7a:43:13,dserota,2017-10-27 16:20:31,-88,32.16829847,34.80263893,35,
1,8c:44:35:0f:27:57,Gini_Router_R1_LTE,2017-10-27 16:18:35,-88,32.16764549,34.80988907,41,
1,d0:17:c2:60:e7:38,ASUS,2017-10-27 16:18:57,-88,32.16681721,34.80873304,35,
1,6c:19:8f:49:e9:8c,reuven,2017-10-27 16:26:31,-88,32.17337685,34.80847679,40,
1,9c:97:26:8a:43:e1,TNCAPE5A34D,2017-10-27 16:23:37,-88,32.16840058,34.80011614,28,
1,74:da:39:54:b8:1d,oved-main,2017-10-27 16:27:48,-88,32.16925256,34.81069134,19,
1,80:1f:02:93:bb:be,EDIMAX,2017-10-27 16:22:46,-88,32.17146993,34.80103098,40,
1,30:46:9a:2c:3d:94,marcus,2017-10-27 16:23:49,-88,32.16798596,34.80081806,26,
1,30:e1:71:f0:a7:7c,DIRECT-7B-HP DeskJet 4670 series,2017-10-27 16:21:41,-88,32.17128287,34.80103883,27,
1,d0:d4:12:5c:4d:4a,NET0130335,2017-10-27 16:23:55,-88,32.16791664,34.80145366,24,
1,70:5a:0f:5b:0f:91,DIRECT-90-HP DeskJet 3630 series,2017-10-27 16:20:37,-88,32.1683407,34.80209549,34,
1,7c:03:4c:ff:28:2c,HOTBOX-C85E,2017-10-27 16:24:04,-87,32.16782073,34.80240578,26,
1,10:5a:f7:0f:7e:45,SarahMonAmour_2.4,2017-10-27 16:26:25,-87,32.17329851,34.8080852,41,
1,4c:60:de:42:20:28,BezeqNGN_98087,2017-10-27 16:23:31,-87,32.16873071,34.8001699,25,
2,00:b0:c6:57:6a:99,LEE2,2017-10-27 16:24:07,-87,32.16777763,34.80266874,23,00:b0:c6:57:6a:91,LEE2,2017-10-27 16:24:07,-77,32.16777763,34.80266874,23,
1,a0:4f:d4:2c:5e:12,MEIR_5,2017-10-27 16:20:43,-87,32.16841015,34.8014927,36,
1,c8:be:19:0c:af:01,sw,2017-10-27 16:26:31,-87,32.17337685,34.80847679,40,
1,c4:12:f5:84:50:40,opus7,2017-10-27 16:24:55,-87,32.16776081,34.80325115,38,
1,00:12:2a:11:1c:64,orange-inna,2017-10-27 16:24:58,-87,32.16793027,34.80333277,36,
1,58:f3:9c:62:d2:60,LANDAU HOME,2017-10-27 16:15:37,-87,32.16882634,34.81238415,40,
1,aa:6b:ad:04:c6:a8,DIRECT-a8-HP M477 LaserJet,2017-10-27 16:16:31,-87,32.16762928,34.80987929,45,
1,74:da:38:50:77:f2,Howmanyistwo,2017-10-27 16:15:52,-87,32.16874744,34.8109599,41,
2,08:6a:0a:37:66:66,HOTFiber-2017,2017-10-27 16:19:09,-87,32.16733646,34.80739313,38,18:1e:78:86:00:63,HOTFiber-2017,2017-10-27 16:19:18,-85,32.16772332,34.80631515,41,
1,10:be:f5:3d:ac:54,tambourh,2017-10-27 16:25:58,-87,32.17078967,34.80700602,29,
1,7c:b7:33:a1:7e:98,HOTFiber-A53E,2017-10-27 16:27:36,-87,32.17046806,34.81126309,20,
1,e4:6f:13:73:0a:c2,simon,2017-10-27 16:16:07,-87,32.1682687,34.81030598,45,
1,00:8c:54:91:22:f1,hilary,2017-10-27 16:23:46,-87,32.16801984,34.80044722,27,
1,14:ae:db:bd:c3:42,wizardofoz,2017-10-27 16:26:04,-87,32.17135389,34.8072607,31,
1,ac:f1:df:76:a0:9c,dlink-A09C,2017-10-27 16:27:48,-87,32.16925256,34.81069134,19,
1,74:da:38:c3:12:45,Liliup,2017-10-27 16:27:48,-87,32.16925256,34.81069134,19,
1,48:ee:0c:3d:1d:6c,alexrath,2017-10-27 16:26:10,-87,32.17197198,34.80751328,27,
1,74:ea:3a:e5:4f:02,Bubble Wifi,2017-10-27 16:23:20,-87,32.16971928,34.80041492,30,
1,c4:3d:c7:5a:79:1c,tslila,2017-10-27 16:14:37,-87,32.16866695,34.81322274,38,
1,98:e7:f4:00:94:35,DIRECT-33-HP OfficeJet 6950,2017-10-27 16:15:52,-87,32.16874744,34.8109599,41,
1,40:65:a3:29:99:51,HOTFiber-A5D,2017-10-27 16:26:49,-87,32.17293114,34.81078794,33,
1,10:5a:f7:0e:5d:f6,Shiri1000_5,2017-10-27 16:24:01,-87,32.16785244,34.80206584,25,
1,7c:b7:33:2e:4e:17,HOTBOX-4E11,2017-10-27 16:22:55,-87,32.17091575,34.80080423,39,
1,7c:b7:33:a1:a0:63,Siag,2017-10-27 16:23:52,-86,32.16794123,34.80115899,24,
1,c0:ac:54:f5:e9:c8,NIZZA333,2017-10-27 16:19:09,-86,32.16733646,34.80739313,38,
1,6a:b0:ce:aa:73:32,Bezeq Free 9A236D,2017-10-27 16:26:43,-86,32.17306255,34.81011613,37,
1,c0:ac:54:f7:82:21,irit,2017-10-27 16:19:50,-86,32.16815321,34.80414284,39,
1,14:ae:db:b3:7b:65,Bezeq2.4,2017-10-27 16:18:54,-86,32.16686569,34.8088424,35,
1,b4:ee:b4:ac:f4:a3,ey,2017-10-27 16:21:51,-86,32.17183759,34.80126227,30,
1,a0:0a:bf:0a:e0:16,Dune,2017-10-27 16:20:57,-86,32.16854703,34.80030064,34,
1,3c:1e:04:03:7f:17,Robert1,2017-10-27 16:15:52,-86,32.16874744,34.8109599,41,
1,14:ae:db:45:27:5d,Melinek,2017-10-27 16:25:55,-86,32.1705107,34.80687558,29,
1,fc:3f:db:a0:28:77,DIRECT-53-HP DeskJet 3830 series,2017-10-27 16:22:03,-86,32.17248602,34.80158775,31,
1,ac:3f:a4:85:29:d8,Bhome-1845,2017-10-27 16:23:49,-86,32.16798596,34.80081806,26,
1,00:1d:aa:34:1e:58,Efrat Networks NC,2017-10-27 16:19:00,-86,32.16688561,34.80854031,36,
1,50:a7:33:47:4f:a3,island-074FA0,2017-10-27 16:28:06,-86,32.167615,34.80992403,19,
1,04:a1:51:d0:22:a6,pollock5,2017-10-27 16:20:49,-86,32.16846448,34.80091936,32,
1,c4:12:f5:7f:5a:15,TREEHOUSE,2017-10-27 16:22:58,-86,32.1706614,34.80073339,35,
1,3c:1e:04:04:4f:91,hertzlia,2017-10-27 16:20:31,-85,32.16829847,34.80263893,35,
1,fc:b4:e6:d2:9a:39,HOTBOX-9A33,2017-10-27 16:20:34,-85,32.16831093,34.80237038,35,
1,a0:4f:d4:2c:5e:11,MEIR_2.4,2017-10-27 16:20:43,-85,32.16841015,34.8014927,36,
1,14:ae:db:30:c9:d2,Chen,2017-10-27 16:20:54,-85,32.16851102,34.80047649,35,
1,14:ae:db:32:13:d2,Yafim,2017-10-27 16:24:58,-85,32.16793027,34.80333277,36,
1,00:78:9e:fb:bc:7c,oren1,2017-10-27 16:26:25,-85,32.17329851,34.8080852,41,
1,14:ae:db:b7:a6:05,hazout,2017-10-27 16:22:49,-85,32.17132967,34.80097018,36,
1,c8:be:19:11:b7:73,GOT,2017-10-27 16:22:30,-85,32.17182204,34.80118578,37,
1,10:5a:f7:06:d2:09,berko_2.4,2017-10-27 16:26:31,-85,32.17337685,34.80847679,40,
1,94:10:3e:a8:34:a0,CMT-ALap,2017-10-27 16:18:57,-85,32.16681721,34.80873304,35,
1,c0:c1:c0:20:90:af,Nati,2017-10-27 16:24:04,-85,32.16782073,34.80240578,26,
1,30:e1:71:fd:c3:20,DIRECT-1F-HP DeskJet 3700 series,2017-10-27 16:21:53,-85,32.17192733,34.80130289,30,
1,c0:ac:54:f8:57:42,HOTBOX-8C78,2017-10-27 16:22:00,-85,32.17235211,34.80147664,32,
1,28:94:0f:f9:a6:d4,Sgreg,2017-10-27 16:21:01,-85,32.16858542,34.80020728,37,
2,e4:f4:c6:d8:e8:60,SavantS,2017-10-27 16:21:20,-85,32.1698537,34.80041581,35,e4:f4:c6:f9:02:60,SavantS,2017-10-27 16:23:52,-79,32.16794123,34.80115899,24,
1,14:ae:db:39:a9:2d,amir1,2017-10-27 16:22:03,-85,32.17248602,34.80158775,31,
1,7c:b7:33:ea:b6:8f,HOTFiber5476,2017-10-27 16:24:04,-84,32.16782073,34.80240578,26,
1,14:ae:db:c1:73:25,Hotbox,2017-10-27 16:23:04,-84,32.17014829,34.80053654,33,
1,14:ae:db:4c:d1:55,Tankus,2017-10-27 16:26:13,-84,32.17223115,34.80762906,36,
1,d0:d4:12:60:09:92,daniavnon,2017-10-27 16:23:58,-84,32.16788999,34.80175144,23,
1,f8:e9:03:13:84:93,1008,2017-10-27 16:22:46,-84,32.17146993,34.80103098,40,
1,c0:ff:d4:7b:6b:c2,rrl,2017-10-27 16:20:34,-84,32.16831093,34.80237038,35,
1,58:b6:33:34:81:a8,RDK,2017-10-27 16:27:36,-84,32.17046806,34.81126309,20,
1,14:ae:db:b7:99:2d,Guymic,2017-10-27 16:27:36,-84,32.17046806,34.81126309,20,
1,7c:b7:33:ea:a3:72,HOTFiber-FF2F,2017-10-27 16:25:13,-84,32.16799787,34.80501351,31,
1,7c:b7:33:be:e3:b6,annita,2017-10-27 16:21:36,-84,32.17094993,34.80087842,28,
1,3c:1e:04:07:2a:fe,ronkla2,2017-10-27 16:27:27,-84,32.17137454,34.81173835,14,
1,d8:37:be:f1:86:c9,simba6,2017-10-27 16:20:54,-84,32.16851102,34.80047649,35,
1,48:ee:0c:3d:53:f3,network,2017-10-27 16:23:49,-84,32.16798596,34.80081806,26,
1,5a:2b:8c:9d:20:f4,@Cafe,2017-10-27 16:26:25,-84,32.17329851,34.8080852,41,
1,7c:b7:33:ea:b3:b4,Shohat01,2017-10-27 16:23:49,-84,32.16798596,34.80081806,26,
1,c0:ac:54:f6:3b:c0,HOTBOX1212,2017-10-27 16:25:34,-84,32.16830926,34.80617243,35,
1,14:ae:db:c2:7c:f5,ortheal-808,2017-10-27 16:21:38,-84,32.17109214,34.80094499,28,
1,e0:8f:ec:05:fb:f7,Mishayev,2017-10-27 16:23:28,-84,32.16896675,34.80022497,25,
1,f0:7d:68:17:cd:fa,rebecca,2017-10-27 16:22:49,-84,32.17132967,34.80097018,36,
1,8c:59:c3:a2:9d:69,gigi1932,2017-10-27 16:19:03,-84,32.16703096,34.80820926,34,
1,74:ea:3a:e5:42:ee,TP-LINK_E542EE,2017-10-27 16:26:25,-84,32.17329851,34.8080852,41,
1,dc:4a:3e:be:0a:36,HP-Print-36-Officejet Pro 6830,2017-10-27 16:19:50,-84,32.16815321,34.80414284,39,
1,c4:6e:1f:30:2b:7c,Nomi Fix WIFI,2017-10-27 16:15:52,-84,32.16874744,34.8109599,41,
1,08:97:58:32:d1:b8,NIPPON_3575,2017-10-27 16:23:01,-84,32.17038651,34.80062195,34,
1,98:e7:f4:b5:bc:25,DIRECT-24-HP OfficeJet Pro 6960,2017-10-27 16:26:31,-84,32.17337685,34.80847679,40,
1,d4:6e:0e:cf:bc:ca,upstairs,2017-10-27 16:25:58,-84,32.17078967,34.80700602,29,
1,f8:e9:03:11:e0:d8,finquel,2017-10-27 16:24:01,-84,32.16785244,34.80206584,25,
1,00:0e:f4:de:54:57,admin,2017-10-27 16:24:01,-84,32.16785244,34.80206584,25,
1,e8:94:f6:b7:4f:54,kenedy,2017-10-27 16:21:51,-84,32.17183759,34.80126227,30,
1,00:8c:54:91:a5:61,Hanna,2017-10-27 16:22:37,-84,32.17173543,34.80114287,40,
1,d0:d4:12:5c:c3:6a,Claude,2017-10-27 16:20:40,-83,32.16837178,34.80181903,35,
1,18:d6:c7:fb:1c:0e,Oberyn Martell,2017-10-27 16:16:07,-83,32.1682687,34.81030598,45,
1,28:80:23:cf:e9:c4,HP-Print-C4-Officejet Pro 6830,2017-10-27 16:20:34,-83,32.16831093,34.80237038,35,
1,7c:b7:33:2c:b9:21,HOTBOX2,2017-10-27 16:21:51,-83,32.17183759,34.80126227,30,
1,70:62:b8:30:e8:df,huglin home 2.4GHz,2017-10-27 16:21:56,-83,32.17211148,34.8013815,30,
1,74:da:38:be:d7:a1,Yvo_home_2EX,2017-10-27 16:26:34,-83,32.17330793,34.80883147,42,
1,a0:21:b7:79:da:8c,Bezeq-n_DA8C,2017-10-27 16:23:52,-83,32.16794123,34.80115899,24,
1,c4:a8:1d:12:62:55,Serge_2.4,2017-10-27 16:24:04,-83,32.16782073,34.80240578,26,
1,74:da:38:a1:8b:db,Dodo,2017-10-27 16:26:16,-83,32.17250319,34.8077393,42,
1,c8:d3:ff:f9:48:a5,DIRECT-A4-HP OfficeJet 6950,2017-10-27 16:27:42,-83,32.16989007,34.81096842,22,
1,74:da:38:50:ce:4c,edimax_repeater,2017-10-27 16:19:12,-83,32.16749167,34.80697148,39,
1,08:5b:0e:8e:06:97,Rozalin.co.il,2017-10-27 16:23:40,-83,32.16820938,34.80009418,26,
1,00:30:4f:82:a4:48,ensilo_2.4GH_1,2017-10-27 16:28:06,-83,32.167615,34.80992403,19,
1,14:cc:20:93:1f:50,TP-LINK_MENASHE,2017-10-27 16:22:55,-83,32.17091575,34.80080423,39,
1,f8:ab:05:47:be:01,HOTFiber-0869,2017-10-27 16:24:01,-82,32.16785244,34.80206584,25,
1,00:50:7f:f1:18:64,rojavi,2017-10-27 16:25:58,-82,32.17078967,34.80700602,29,
1,7c:b7:33:c0:96:6c,HOTBOX-9666,2017-10-27 16:26:46,-82,32.17297854,34.81050125,32,
1,14:ae:db:57:4e:4d,deborah,2017-10-27 16:21:56,-82,32.17211148,34.8013815,30,
1,14:ae:db:c4:9f:9a,bz18073460,2017-10-27 16:20:49,-82,32.16846448,34.80091936,32,
1,c4:12:f5:80:24:0b,CEO-WiFi_2.4,2017-10-27 16:16:22,-82,32.16763949,34.80988697,45,
1,9c:3d:cf:1a:ad:f5,kenley,2017-10-27 16:26:58,-82,32.17262741,34.81166081,26,
1,f8:0b:cb:51:74:e8,gidron,2017-10-27 16:21:30,-82,32.1704695,34.80067669,29,
1,a4:2b:8c:9d:20:f7,moka_5,2017-10-27 16:26:22,-82,32.17302276,34.80796667,39,
1,e8:fc:af:9d:69:be,BezeqNGN_J03015_2.4GHz_1,2017-10-27 16:21:01,-82,32.16858542,34.80020728,37,
1,00:78:9e:fa:8b:23,Gay splays,2017-10-27 16:20:43,-81,32.16841015,34.8014927,36,
1,56:35:30:aa:49:43,DIRECT-9J-BRAVIA,2017-10-27 16:26:25,-81,32.17329851,34.8080852,41,
1,00:12:2a:f2:17:18,uzi,2017-10-27 16:26:34,-81,32.17330793,34.80883147,42,
1,14:d6:4d:f4:42:d7,PELEG,2017-10-27 16:23:43,-81,32.16806164,34.80020374,28,
1,b4:ee:b4:ae:86:43,HOTBOX-BOX-72A6,2017-10-27 16:21:41,-81,32.17128287,34.80103883,27,
1,10:5a:f7:0e:5d:f5,Shiri1000_2.4,2017-10-27 16:23:58,-81,32.16788999,34.80175144,23,
1,fc:3f:db:7e:60:a6,DIRECT-A5-HP DeskJet 4670 series,2017-10-27 16:15:37,-81,32.16882634,34.81238415,40,
2,34:8a:ae:ff:c0:97,YamNadlan,2017-10-27 16:25:52,-81,32.17019592,34.80675484,31,34:8a:ae:ff:c0:96,YamNadlan,2017-10-27 16:26:04,-79,32.17135389,34.8072607,31,
1,74:da:38:56:ed:e0,Barda_2,2017-10-27 16:19:12,-81,32.16749167,34.80697148,39,
1,a0:4f:d4:3d:16:01,Claes,2017-10-27 16:22:03,-81,32.17248602,34.80158775,31,
1,b4:ee:b4:f9:7a:1b, jacob1,2017-10-27 16:22:03,-81,32.17248602,34.80158775,31,
1,04:a1:51:d0:22:a5,pollock24,2017-10-27 16:20:49,-81,32.16846448,34.80091936,32,
1,70:62:b8:30:f8:4e,japan,2017-10-27 16:20:49,-81,32.16846448,34.80091936,32,
1,3c:52:82:b0:20:b1,DIRECT-B0-HP DeskJet 4670 series,2017-10-27 16:23:52,-81,32.16794123,34.80115899,24,
1,60:e3:27:bf:a1:a5,BARON WIFI 2.4,2017-10-27 16:16:07,-80,32.1682687,34.81030598,45,
1,90:8d:78:e4:ab:7f,HOTBOX-AB52,2017-10-27 16:24:01,-80,32.16785244,34.80206584,25,
1,fc:b4:e6:d0:97:f1,HOTBOX-97EB,2017-10-27 16:24:07,-80,32.16777763,34.80266874,23,
1,6a:0c:c8:1d:c8:28,Bezeq Free F026CC,2017-10-27 16:27:42,-79,32.16989007,34.81096842,22,
1,c0:ac:54:f9:08:da,hagai123,2017-10-27 16:26:25,-79,32.17329851,34.8080852,41,
1,c0:ac:54:f8:ea:e1,HOTBOX-1C48,2017-10-27 16:23:49,-79,32.16798596,34.80081806,26,
1,14:ae:db:ba:2d:35,LEE1,2017-10-27 16:20:43,-79,32.16841015,34.8014927,36,
1,c8:be:19:10:99:d1,davidr,2017-10-27 16:20:49,-79,32.16846448,34.80091936,32,
1,14:ae:db:cb:03:05,BEZEQINT-0301,2017-10-27 16:24:01,-78,32.16785244,34.80206584,25,
1,88:dc:96:1c:a2:00,zinger,2017-10-27 16:25:40,-78,32.16891568,34.806354,30,
1,74:da:38:a9:24:17,edimax_2.4G_A92417,2017-10-27 16:27:48,-78,32.16925256,34.81069134,19,
1,40:65:a3:29:21:d8,Mica1,2017-10-27 16:26:25,-78,32.17329851,34.8080852,41,
1,10:be:f5:37:f7:6e,sesadido,2017-10-27 16:23:52,-78,32.16794123,34.80115899,24,
1,14:ae:db:a3:90:15,HRZBOUTIKUE,2017-10-27 16:18:54,-77,32.16686569,34.8088424,35,
1,f8:1a:67:c2:2f:8c,TP-LINK_C22F8C,2017-10-27 16:23:52,-77,32.16794123,34.80115899,24,
1,7c:03:4c:ba:aa:42,HOTBOX-81C2,2017-10-27 16:20:37,-77,32.1683407,34.80209549,34,
2,c0:ac:54:f6:ae:5e,HOTBOX111,2017-10-27 16:15:52,-76,32.16874744,34.8109599,41,90:f6:52:28:38:19,HOTBOX111,2017-10-27 16:16:22,-71,32.16763949,34.80988697,45,
1,7c:03:4c:ba:a6:1c,Dror,2017-10-27 16:23:52,-76,32.16794123,34.80115899,24,
1,08:6a:0a:6a:04:f7,HOTFiber-C09E,2017-10-27 16:24:04,-76,32.16782073,34.80240578,26,
1,70:62:b8:30:db:f8,hadad,2017-10-27 16:20:49,-75,32.16846448,34.80091936,32,
1,e8:cc:18:ec:a6:64,rubinstein,2017-10-27 16:20:49,-75,32.16846448,34.80091936,32,
1,c0:ac:54:f5:d7:ff,HOT1,2017-10-27 16:24:07,-75,32.16777763,34.80266874,23,
1,90:ef:68:30:6b:69,kessel_2,2017-10-27 16:28:00,-75,32.16799923,34.81022347,17,
1,00:78:9e:fa:15:91,MOULY MAISON,2017-10-27 16:16:31,-74,32.16762928,34.80987929,45,
1,20:0c:c8:1d:c8:2b,Neeman2.4,2017-10-27 16:27:42,-74,32.16989007,34.81096842,22,
2,b0:b2:8f:37:ba:c7,ben moshe,2017-10-27 16:12:01,-62,32.16857397,34.81328609,-9,b4:ee:b4:36:d2:b0,ben moshe,2017-10-27 16:12:01,-51,32.16857397,34.81328609,-9,
